<?xml version="1.0" encoding="UTF-8"?>
<GenRun Id="impl_1" LaunchPart="xc7z020clg400-2" LaunchTime="1689318455">
  <File Type="BITSTR-BMM" Name="ysyx_alu_mul_slow_bd.bmm"/>
  <File Type="OPT-METHODOLOGY-DRC" Name="ysyx_alu_mul_slow_methodology_drc_opted.rpt"/>
  <File Type="INIT-TIMING" Name="ysyx_alu_mul_slow_timing_summary_init.rpt"/>
  <File Type="ROUTE-PWR" Name="ysyx_alu_mul_slow_power_routed.rpt"/>
  <File Type="PA-TCL" Name="ysyx_alu_mul_slow.tcl"/>
  <File Type="OPT-TIMING" Name="ysyx_alu_mul_slow_timing_summary_opted.rpt"/>
  <File Type="OPT-DCP" Name="ysyx_alu_mul_slow_opt.dcp"/>
  <File Type="ROUTE-PWR-SUM" Name="ysyx_alu_mul_slow_power_summary_routed.pb"/>
  <File Type="REPORTS-TCL" Name="ysyx_alu_mul_slow_reports.tcl"/>
  <File Type="OPT-DRC" Name="ysyx_alu_mul_slow_drc_opted.rpt"/>
  <File Type="OPT-HWDEF" Name="ysyx_alu_mul_slow.hwdef"/>
  <File Type="PWROPT-DCP" Name="ysyx_alu_mul_slow_pwropt.dcp"/>
  <File Type="PWROPT-DRC" Name="ysyx_alu_mul_slow_drc_pwropted.rpt"/>
  <File Type="PWROPT-TIMING" Name="ysyx_alu_mul_slow_timing_summary_pwropted.rpt"/>
  <File Type="PLACE-DCP" Name="ysyx_alu_mul_slow_placed.dcp"/>
  <File Type="PLACE-IO" Name="ysyx_alu_mul_slow_io_placed.rpt"/>
  <File Type="PLACE-CLK" Name="ysyx_alu_mul_slow_clock_utilization_placed.rpt"/>
  <File Type="PLACE-UTIL" Name="ysyx_alu_mul_slow_utilization_placed.rpt"/>
  <File Type="PLACE-UTIL-PB" Name="ysyx_alu_mul_slow_utilization_placed.pb"/>
  <File Type="PLACE-CTRL" Name="ysyx_alu_mul_slow_control_sets_placed.rpt"/>
  <File Type="PLACE-SIMILARITY" Name="ysyx_alu_mul_slow_incremental_reuse_placed.rpt"/>
  <File Type="PLACE-PRE-SIMILARITY" Name="ysyx_alu_mul_slow_incremental_reuse_pre_placed.rpt"/>
  <File Type="BG-BGN" Name="ysyx_alu_mul_slow.bgn"/>
  <File Type="PLACE-TIMING" Name="ysyx_alu_mul_slow_timing_summary_placed.rpt"/>
  <File Type="POSTPLACE-PWROPT-DCP" Name="ysyx_alu_mul_slow_postplace_pwropt.dcp"/>
  <File Type="BG-BIN" Name="ysyx_alu_mul_slow.bin"/>
  <File Type="POSTPLACE-PWROPT-TIMING" Name="ysyx_alu_mul_slow_timing_summary_postplace_pwropted.rpt"/>
  <File Type="PHYSOPT-DCP" Name="ysyx_alu_mul_slow_physopt.dcp"/>
  <File Type="PHYSOPT-DRC" Name="ysyx_alu_mul_slow_drc_physopted.rpt"/>
  <File Type="BITSTR-MSK" Name="ysyx_alu_mul_slow.msk"/>
  <File Type="PHYSOPT-TIMING" Name="ysyx_alu_mul_slow_timing_summary_physopted.rpt"/>
  <File Type="ROUTE-ERROR-DCP" Name="ysyx_alu_mul_slow_routed_error.dcp"/>
  <File Type="ROUTE-DCP" Name="ysyx_alu_mul_slow_routed.dcp"/>
  <File Type="ROUTE-BLACKBOX-DCP" Name="ysyx_alu_mul_slow_routed_bb.dcp"/>
  <File Type="ROUTE-DRC" Name="ysyx_alu_mul_slow_drc_routed.rpt"/>
  <File Type="ROUTE-DRC-PB" Name="ysyx_alu_mul_slow_drc_routed.pb"/>
  <File Type="BITSTR-LTX" Name="debug_nets.ltx"/>
  <File Type="BITSTR-LTX" Name="ysyx_alu_mul_slow.ltx"/>
  <File Type="ROUTE-DRC-RPX" Name="ysyx_alu_mul_slow_drc_routed.rpx"/>
  <File Type="BITSTR-MMI" Name="ysyx_alu_mul_slow.mmi"/>
  <File Type="ROUTE-METHODOLOGY-DRC" Name="ysyx_alu_mul_slow_methodology_drc_routed.rpt"/>
  <File Type="ROUTE-METHODOLOGY-DRC-RPX" Name="ysyx_alu_mul_slow_methodology_drc_routed.rpx"/>
  <File Type="BITSTR-SYSDEF" Name="ysyx_alu_mul_slow.sysdef"/>
  <File Type="ROUTE-METHODOLOGY-DRC-PB" Name="ysyx_alu_mul_slow_methodology_drc_routed.pb"/>
  <File Type="ROUTE-PWR-RPX" Name="ysyx_alu_mul_slow_power_routed.rpx"/>
  <File Type="ROUTE-STATUS" Name="ysyx_alu_mul_slow_route_status.rpt"/>
  <File Type="ROUTE-STATUS-PB" Name="ysyx_alu_mul_slow_route_status.pb"/>
  <File Type="ROUTE-TIMINGSUMMARY" Name="ysyx_alu_mul_slow_timing_summary_routed.rpt"/>
  <File Type="ROUTE-TIMING-PB" Name="ysyx_alu_mul_slow_timing_summary_routed.pb"/>
  <File Type="ROUTE-TIMING-RPX" Name="ysyx_alu_mul_slow_timing_summary_routed.rpx"/>
  <File Type="ROUTE-SIMILARITY" Name="ysyx_alu_mul_slow_incremental_reuse_routed.rpt"/>
  <File Type="ROUTE-CLK" Name="ysyx_alu_mul_slow_clock_utilization_routed.rpt"/>
  <File Type="ROUTE-BUS-SKEW" Name="ysyx_alu_mul_slow_bus_skew_routed.rpt"/>
  <File Type="ROUTE-BUS-SKEW-PB" Name="ysyx_alu_mul_slow_bus_skew_routed.pb"/>
  <File Type="ROUTE-BUS-SKEW-RPX" Name="ysyx_alu_mul_slow_bus_skew_routed.rpx"/>
  <File Type="POSTROUTE-PHYSOPT-DCP" Name="ysyx_alu_mul_slow_postroute_physopt.dcp"/>
  <File Type="POSTROUTE-PHYSOPT-BLACKBOX-DCP" Name="ysyx_alu_mul_slow_postroute_physopt_bb.dcp"/>
  <File Type="POSTROUTE-PHYSOPT-TIMING" Name="ysyx_alu_mul_slow_timing_summary_postroute_physopted.rpt"/>
  <File Type="POSTROUTE-PHYSOPT-TIMING-PB" Name="ysyx_alu_mul_slow_timing_summary_postroute_physopted.pb"/>
  <File Type="POSTROUTE-PHYSOPT-TIMING-RPX" Name="ysyx_alu_mul_slow_timing_summary_postroute_physopted.rpx"/>
  <File Type="POSTROUTE-PHYSOPT-BUS-SKEW" Name="ysyx_alu_mul_slow_bus_skew_postroute_physopted.rpt"/>
  <File Type="POSTROUTE-PHYSOPT-BUS-SKEW-PB" Name="ysyx_alu_mul_slow_bus_skew_postroute_physopted.pb"/>
  <File Type="BG-BIT" Name="ysyx_alu_mul_slow.bit"/>
  <File Type="POSTROUTE-PHYSOPT-BUS-SKEW-RPX" Name="ysyx_alu_mul_slow_bus_skew_postroute_physopted.rpx"/>
  <File Type="BITSTR-RBT" Name="ysyx_alu_mul_slow.rbt"/>
  <File Type="BITSTR-NKY" Name="ysyx_alu_mul_slow.nky"/>
  <File Type="BG-DRC" Name="ysyx_alu_mul_slow.drc"/>
  <File Type="RDI-RDI" Name="ysyx_alu_mul_slow.vdi"/>
  <File Type="WBT-USG" Name="usage_statistics_webtalk.html"/>
  <FileSet Name="sources" Type="DesignSrcs" RelSrcDir="$PSRCDIR/sources_1">
    <Filter Type="Srcs"/>
    <File Path="$PPRDIR/../design/booth.v">
      <FileInfo>
        <Attr Name="UsedIn" Val="synthesis"/>
        <Attr Name="UsedIn" Val="implementation"/>
        <Attr Name="UsedIn" Val="simulation"/>
      </FileInfo>
    </File>
    <File Path="$PPRDIR/../design/wallence_3_2.v">
      <FileInfo>
        <Attr Name="UsedIn" Val="synthesis"/>
        <Attr Name="UsedIn" Val="implementation"/>
        <Attr Name="UsedIn" Val="simulation"/>
      </FileInfo>
    </File>
    <Config>
      <Option Name="DesignMode" Val="RTL"/>
      <Option Name="TopModule" Val="ysyx_alu_mul_slow"/>
      <Option Name="TopAutoSet" Val="TRUE"/>
    </Config>
  </FileSet>
  <FileSet Name="constrs_in" Type="Constrs" RelSrcDir="$PSRCDIR/constrs_1">
    <Filter Type="Constrs"/>
    <Config>
      <Option Name="ConstrsType" Val="XDC"/>
    </Config>
  </FileSet>
  <FileSet Name="utils" Type="Utils" RelSrcDir="$PSRCDIR/utils_1">
    <Filter Type="Utils"/>
    <Config>
      <Option Name="TopAutoSet" Val="TRUE"/>
    </Config>
  </FileSet>
  <Strategy Version="1" Minor="2">
    <StratHandle Name="Vivado Implementation Defaults" Flow="Vivado Implementation 2018">
      <Desc>Default settings for Implementation.</Desc>
    </StratHandle>
    <Step Id="init_design"/>
    <Step Id="opt_design"/>
    <Step Id="power_opt_design"/>
    <Step Id="place_design"/>
    <Step Id="post_place_power_opt_design"/>
    <Step Id="phys_opt_design"/>
    <Step Id="route_design"/>
    <Step Id="post_route_phys_opt_design"/>
    <Step Id="write_bitstream"/>
  </Strategy>
</GenRun>
